idM,nom_machine,nom_modele
1,Machine-1,Trieuse Auto
2,Machine-2,Nettoyeur HP
3,Machine-3,Four Solaire
4,Machine-4,Séchoir Rapide
5,Machine-5,Nettoyeur HP
6,Machine-6,Séchoir Rapide
7,Machine-7,Nettoyeur HP
8,Machine-8,Four Solaire
9,Machine-9,Mixeur 3000
10,Machine-10,Mixeur 3000
11,Machine-11,Composteur X
12,Machine-12,Nettoyeur HP
13,Machine-13,Broyeur V2
14,Machine-14,Nettoyeur HP
15,Machine-15,Nettoyeur HP
16,Machine-16,Nettoyeur HP
17,Machine-17,Séchoir Rapide
18,Machine-18,Composteur X
19,Machine-19,Mixeur 3000
20,Machine-20,Composteur X
21,Machine-21,Composteur X
22,Machine-22,Composteur X
23,Machine-23,Mixeur 3000
24,Machine-24,Mixeur 3000
25,Machine-25,Nettoyeur HP
26,Machine-26,Composteur X
27,Machine-27,Broyeur V2
28,Machine-28,Séchoir Rapide
29,Machine-29,Séchoir Rapide
30,Machine-30,Mixeur 3000
31,Machine-31,Four Solaire
32,Machine-32,Four Solaire
33,Machine-33,Four Solaire
34,Machine-34,Trieuse Auto
35,Machine-35,Nettoyeur HP
36,Machine-36,Four Solaire
37,Machine-37,Nettoyeur HP
38,Machine-38,Four Solaire
39,Machine-39,Broyeur V2
40,Machine-40,Nettoyeur HP
41,Machine-41,Four Solaire
42,Machine-42,Séchoir Rapide
43,Machine-43,Mixeur 3000
44,Machine-44,Nettoyeur HP
45,Machine-45,Séchoir Rapide
46,Machine-46,Séchoir Rapide
47,Machine-47,Séchoir Rapide
48,Machine-48,Trieuse Auto
49,Machine-49,Mixeur 3000
50,Machine-50,Mixeur 3000
51,Machine-51,Composteur X
52,Machine-52,Trieuse Auto
53,Machine-53,Séchoir Rapide
54,Machine-54,Mixeur 3000
55,Machine-55,Mixeur 3000
56,Machine-56,Séchoir Rapide
57,Machine-57,Séchoir Rapide
58,Machine-58,Four Solaire
59,Machine-59,Four Solaire
60,Machine-60,Nettoyeur HP
61,Machine-61,Nettoyeur HP
62,Machine-62,Nettoyeur HP
63,Machine-63,Four Solaire
64,Machine-64,Séchoir Rapide
65,Machine-65,Nettoyeur HP
66,Machine-66,Mixeur 3000
67,Machine-67,Four Solaire
68,Machine-68,Nettoyeur HP
69,Machine-69,Mixeur 3000
70,Machine-70,Nettoyeur HP
71,Machine-71,Broyeur V2
72,Machine-72,Séchoir Rapide
73,Machine-73,Séchoir Rapide
74,Machine-74,Nettoyeur HP
75,Machine-75,Broyeur V2
76,Machine-76,Nettoyeur HP
77,Machine-77,Composteur X
78,Machine-78,Composteur X
79,Machine-79,Séchoir Rapide
80,Machine-80,Trieuse Auto
81,Machine-81,Composteur X
82,Machine-82,Composteur X
83,Machine-83,Nettoyeur HP
84,Machine-84,Four Solaire
85,Machine-85,Four Solaire
86,Machine-86,Broyeur V2
87,Machine-87,Four Solaire
88,Machine-88,Mixeur 3000
89,Machine-89,Trieuse Auto
90,Machine-90,Composteur X
91,Machine-91,Trieuse Auto
92,Machine-92,Mixeur 3000
93,Machine-93,Composteur X
94,Machine-94,Broyeur V2
95,Machine-95,Mixeur 3000
96,Machine-96,Mixeur 3000
97,Machine-97,Trieuse Auto
98,Machine-98,Nettoyeur HP
99,Machine-99,Trieuse Auto
100,Machine-100,Séchoir Rapide
